Sr.No,Name,Address,Mobile no.,Project,Emailed
1,Sakthivel Nageshwaran,Hosur,9894878720,Artificial Intelligence,sakthivelnageshwaran@gmail.com
2,Gowtham K,Chennai,8987874562,Information Technology,gowtham@gmail.com
3,Manoj M,Salem,,manoj@gmail.com
4,Mahesh,Trichy,8984547651,Machine Learning,mahesh@gmail.com
5,Sathish,Tirunelveli,8453462376,Artificial Intelligence,castro@gmail.com
6,Sadari,Covai,2345678919,Deep Learning,mithun@gmail.com
7,Prem,Bangalore,3456234567,Data Mining,Prem@gmail.com
8,Sabari,Chennai,0,, 
9,Sam,Hosur,6767676767,Mobile Computing,sam@gmail.com
